address,id,latitude,location_type,longitude,title,url
"111 E 8th St, Austin, TX 78701, USA",14004,30.2697587,[13],-97.7418995,Location 319,https://www.atxstudiotour.com/location/location-319/
"906 E 5th St, Ste 109, Austin, TX 78702",14003,30.264688,[17],-97.733421,Location 318,https://www.atxstudiotour.com/location/location-318/
"6100 Airport Blvd, Austin, TX 78752",14001,30.2918039,[13],-97.7077086,Location 316,https://www.atxstudiotour.com/location/location-316/
"2438 W Anderson Ln, Ste B-4, Austin, TX 78757",14000,30.3576834,[16],-97.7313148,Location 315,https://www.atxstudiotour.com/location/location-315/
"311 W 7th St, Unit 307, Austin, TX 78701",13999,30.26977,[8],-97.745806,Location 314,https://www.atxstudiotour.com/location/location-314/
,13998,,[13],,Location 313,https://www.atxstudiotour.com/location/location-313/
"2802 Benbrook Dr, Austin, TX 78757",13997,30.370482,[15],-97.7326134,Location 312,https://www.atxstudiotour.com/location/location-312/
"1407 E 7th St, Austin, TX 78702, USA",13996,30.2642994,[15],-97.7275992,Location 311,https://www.atxstudiotour.com/location/location-311/
"1813 Piedmont Ave, Austin, TX 78757",13995,30.345544,[15],-97.7306205,Location 310,https://www.atxstudiotour.com/location/location-310/
"1148 Richardine Ave, Austin, TX 78721",13994,30.271325,[15],-97.6858537,Location 309,https://www.atxstudiotour.com/location/location-309/
"3804 Cherrywood Rd, Austin, TX 78722",13993,30.2915935,[5],-97.7139829,Location 308,https://www.atxstudiotour.com/location/location-308/
"5555 N Lamar Blvd, Ste C109, Austin, TX 78751",13992,30.323714,[11],-97.7254401,Location 307,https://www.atxstudiotour.com/location/location-307/
"3232 E Cesar Chavez St, Austin, TX 78702",13991,30.2518024,[11],-97.7076983,Location 306,https://www.atxstudiotour.com/location/location-306/
"2828 Guadalupe St, Austin, TX 78705",13990,30.295019,[4],-97.743089,Location 305,https://www.atxstudiotour.com/location/location-305/
"1101 Navasota St, Ste 1, Austin, TX 78702",13989,30.2688365,[8],-97.7266964,Location 304,https://www.atxstudiotour.com/location/location-304/
"1501 W 9th St, Austin, TX 78703",13988,30.276751,[15],-97.7595618,Location 303,https://www.atxstudiotour.com/location/location-303/
"419 Congress Ave, Austin, TX 78701",13987,30.2668387,[10],-97.7428149,Location 302,https://www.atxstudiotour.com/location/location-302/
"820 Shelby Ln, Unit 106, Austin, TX 78745",13986,30.212221,[10],-97.759252,Location 301,https://www.atxstudiotour.com/location/location-301/
"1601 Miriam Ave, Unit 303, Austin, TX 78702",13985,30.2775479,[15],-97.7108827,Location 300,https://www.atxstudiotour.com/location/location-300/
"8711 Burnet Rd, Ste F72, Austin, TX 78757",13984,30.369319,[7],-97.7267022,Location 299,https://www.atxstudiotour.com/location/location-299/
"8702 Texas Oaks Dr, Austin, TX 78748",13983,30.181822,[15],-97.8126616,Location 298,https://www.atxstudiotour.com/location/location-298/
"4210 Ave D, Austin, TX 78751",13982,30.3065705,[15],-97.731215,Location 297,https://www.atxstudiotour.com/location/location-297/
"227 Congress Ave, Austin, TX 78701",13981,30.26503,[8],-97.7435717,Location 296,https://www.atxstudiotour.com/location/location-296/
"1106 E 11th St, Austin, TX 78702",13980,30.269149,[7],-97.728437,Location 295,https://www.atxstudiotour.com/location/location-295/
"5206 Joe Sayers Ave, Austin, TX 78756",13979,30.3236705,[15],-97.7380351,Location 294,https://www.atxstudiotour.com/location/location-294/
"1127 Tillery St, Austin, TX 78702",13978,30.26851,[8],-97.700674,Location 293,https://www.atxstudiotour.com/location/location-293/
"6800 Meadow Run, Austin, TX 78745",13977,30.1992325,[15],-97.7979142,Location 292,https://www.atxstudiotour.com/location/location-292/
"10300 Metric Blvd, Ste 250, Austin, TX 78758",13976,30.3821056,[8],-97.7143845,Location 291,https://www.atxstudiotour.com/location/location-291/
"1900 E 12th St, Austin, TX 78702",13975,30.27394,[8],-97.719762,Location 290,https://www.atxstudiotour.com/location/location-290/
"112 Medina St, Austin, TX 78702",13974,30.260471,[5],-97.7336077,Location 289,https://www.atxstudiotour.com/location/location-289/
"4615 Spicewood Springs Rd, Austin, TX 78759",13973,30.3755371,[18],-97.7621293,Location 288,https://www.atxstudiotour.com/location/location-288/
"218 S Lamar Blvd, Ste 140, Austin, TX 78704",13972,30.263458,[8],-97.7580932,Location 287,https://www.atxstudiotour.com/location/location-287/
"2307 Manor Rd, Ste 2135, Austin, TX 78722",13971,30.2838638,[7],-97.7174453,Location 286,https://www.atxstudiotour.com/location/location-286/
"9909 FM 969, Bldg 6A, Austin, TX 78724",13970,30.2829525,[10],-97.6536147,Location 285,https://www.atxstudiotour.com/location/location-285/
"901 Vargas Rd, Austin, TX 78741",13969,30.2334845,[9],-97.6938335,Location 284,https://www.atxstudiotour.com/location/location-284/
"7107 E Riverside Dr, Austin, TX 78741",13968,30.2218087,[6],-97.695956,Location 283,https://www.atxstudiotour.com/location/location-283/
"3106 Industrial Terrace, Austin, TX 78758",13967,30.381213,[5],-97.730859,Location 282,https://www.atxstudiotour.com/location/location-282/
"1165 Angelina St, Austin, TX 78702",13966,30.270186,[3],-97.724396,Location 281,https://www.atxstudiotour.com/location/location-281/
"1712 E 11th St, Austin, TX 78702",13965,30.2672105,[17],-97.7221762,Location 280,https://www.atxstudiotour.com/location/location-280/
"1400 Barton Hills Dr, Unit A, Austin, TX 76112",13964,30.2614855,[15],-97.7766992,Location 279,https://www.atxstudiotour.com/location/location-279/
"505 W 14th St, Austin, TX 78701",13963,30.277266,[17],-97.7451076,Location 278,https://www.atxstudiotour.com/location/location-278/
"5501 N Lamar Blvd, Ste C125, Austin, TX 78751",13962,30.323263,[9],-97.7275775,Location 277,https://www.atxstudiotour.com/location/location-277/
"7801 Whitsun Dr, Unit B, Austin, TX 78749",13961,30.2055185,[15],-97.8371254,Location 276,https://www.atxstudiotour.com/location/location-276/
"9701 Dessau Rd, Ste 302, Austin, TX 78754",13960,30.354765,[5],-97.672592,Location 275,https://www.atxstudiotour.com/location/location-275/
"4119 Berkman Dr, Austin, TX 78723",13959,30.293979,[15],-97.699744,Location 274,https://www.atxstudiotour.com/location/location-274/
"2415C E 5th St, Austin, TX 78702",13958,30.2587531,[6],-97.7174443,Location 273,https://www.atxstudiotour.com/location/location-273/
,13957,,[209],,Location 271,https://www.atxstudiotour.com/location/location-271/
,13956,,[209],,Location 270,https://www.atxstudiotour.com/location/location-270/
"3412 E 5th St., Austin, TX 78702, USA",13955,30.2544535,[209],-97.7039731,Location 269,https://www.atxstudiotour.com/location/location-269/
"12166 Metric Blvd, Unit 234, Austin, TX 78758",13954,30.4047581,[15],-97.69796,Location 268,https://www.atxstudiotour.com/location/location-268/
"6503 Sunstrip Dr, Austin, TX 78745",13953,30.197146,[9],-97.7824685,Location 267,https://www.atxstudiotour.com/location/location-267/
"13200 Pond Springs Rd, Ste A105, Austin, TX 78729",13952,30.4453023,[16],-97.7788748,Location 266,https://www.atxstudiotour.com/location/location-266/
"5007 E Cesar Chavez St, Austin, TX 78702",13951,30.25105,[4],-97.700197,Location 265,https://www.atxstudiotour.com/location/location-265/
"1900 Larchmont Dr, Austin, TX 78704",13950,30.2379505,[9],-97.7814056,Location 264,https://www.atxstudiotour.com/location/location-264/
"1211 Ravine Dr, Austin, TX 78704",13949,30.2511385,[15],-97.746035,Location 263,https://www.atxstudiotour.com/location/location-263/
"4211 Red Cloud Dr, Austin, TX 78759",13948,30.4098565,[15],-97.7308859,Location 262,https://www.atxstudiotour.com/location/location-262/
"2016 Simond Ave, Unit A, Austin, TX 78723",13947,30.2967792,[15],-97.7015825,Location 261,https://www.atxstudiotour.com/location/location-261/
"1306 Alguno Rd, Austin, TX 78757",13946,30.332343,[9],-97.7298966,Location 260,https://www.atxstudiotour.com/location/location-260/
"6807 Meadow Cir, Austin, TX 78745",13945,30.202254,[15],-97.8030135,Location 259,https://www.atxstudiotour.com/location/location-259/
"2408 Pebble Beach Dr, Austin, TX 78747",13944,30.138571,[15],-97.7899024,Location 258,https://www.atxstudiotour.com/location/location-258/
"2505 Ellise Ave, Austin, TX 78757",13943,30.3470925,[15],-97.7386604,Location 257,https://www.atxstudiotour.com/location/location-257/
"1610 Suffolk Dr, Austin, TX 78723",13942,30.3081255,[15],-97.6968734,Location 256,https://www.atxstudiotour.com/location/location-256/
"1401 Canterbury St, Austin, TX 78702",13941,30.2574095,[9],-97.7311963,Location 255,https://www.atxstudiotour.com/location/location-255/
"6020 Springdale Rd, Unit 6, Austin, TX 78723",13940,30.304561,[9],-97.671321,Location 254,https://www.atxstudiotour.com/location/location-254/
"11224 Crest Meadow Ln, Austin, TX 78748",13939,30.1578595,[9],-97.8457365,Location 253,https://www.atxstudiotour.com/location/location-253/
"10000 Research Blvd, Ste 141, Austin, TX 78759",13938,30.3932439,[18],-97.7475102,Location 252,https://www.atxstudiotour.com/location/location-252/
"2104 Wright St, Austin, TX 78704",13937,30.256175,[15],-97.7735288,Location 251,https://www.atxstudiotour.com/location/location-251/
"2111 Montclaire St, Austin, TX 78704",13936,30.2480855,[9],-97.7797832,Location 250,https://www.atxstudiotour.com/location/location-250/
"4715 E 5th St, Austin, TX 78702",13935,30.2528045,[6],-97.7021935,Location 249,https://www.atxstudiotour.com/location/location-249/
"2402 Oakhaven Cir, Austin, TX 78704",13934,,[15],,Location 248,https://www.atxstudiotour.com/location/location-248/
"11002 Wandering Way, Austin, TX 78754",13933,30.3674915,[9],-97.6652325,Location 247,https://www.atxstudiotour.com/location/location-247/
"6601 Aldford Cir, Austin, TX 78745",13932,30.2111475,[15],-97.8136671,Location 246,https://www.atxstudiotour.com/location/location-246/
"10510 Jean Dr, Austin, TX 78753",13931,30.3717795,[9],-97.684964,Location 245,https://www.atxstudiotour.com/location/location-245/
"4704 E Cesar Chavez St, Ste E, Austin, TX 78702",13930,30.2521335,[9],-97.702641,Location 244,https://www.atxstudiotour.com/location/location-244/
"7132 Ridge Oak Rd, Austin, TX 78749",13929,30.2265665,[15],-97.8648723,Location 243,https://www.atxstudiotour.com/location/location-243/
"506 Bellevue Pl, Austin, TX 78705",13928,30.2918165,[15],-97.7333751,Location 242,https://www.atxstudiotour.com/location/location-242/
"3708 Tower View Ct, Austin, TX 78723",13927,30.28743,[15],-97.7052986,Location 241,https://www.atxstudiotour.com/location/location-241/
"12001 Wycliff Ln, Austin, TX 78727",13926,30.414742,[9],-97.7278488,Location 240,https://www.atxstudiotour.com/location/location-240/
"1403 W 45th St, Unit B, Austin, TX 78756",13925,30.3153005,[9],-97.7421509,Location 239,https://www.atxstudiotour.com/location/location-239/
"1814 Rhodes Rd, Austin, TX 78721",13924,30.2838185,[15],-97.680353,Location 238,https://www.atxstudiotour.com/location/location-238/
"7204 Bucknell Dr, Austin, TX 78723",13923,30.3212345,[15],-97.6729152,Location 237,https://www.atxstudiotour.com/location/location-237/
"5801 Joe Sayers Ave, Austin, TX 78756",13922,30.3305425,[15],-97.7325844,Location 236,https://www.atxstudiotour.com/location/location-236/
"3107 Garwood St, Austin, TX 78702",13921,30.2597815,[15],-97.705937,Location 235,https://www.atxstudiotour.com/location/location-235/
"2008 Alexander Ave, Studio 8, Austin, TX 78722",13920,30.2833869,[9],-97.7104083,Location 234,https://www.atxstudiotour.com/location/location-234/
"2701 Zach Scott St, Austin, TX 78723",13919,30.2941721,[15],-97.6974124,Location 233,https://www.atxstudiotour.com/location/location-233/
"2804 Oak Crest Ave, Austin, TX 78704",13918,30.2379095,[9],-97.7654928,Location 232,https://www.atxstudiotour.com/location/location-232/
"4510 Placid Pl, Austin, TX 78731",13917,30.322452,[9],-97.75389,Location 231,https://www.atxstudiotour.com/location/location-231/
"806 W Johanna St, Unit B, Austin, TX 78704",13916,30.246908,[15],-97.7603161,Location 230,https://www.atxstudiotour.com/location/location-230/
"1803 Larchmont Dr, Austin, TX 78704",13915,30.237225,[15],-97.7803624,Location 229,https://www.atxstudiotour.com/location/location-229/
"1009 E 9th St, Austin, TX 78702",13914,30.267352,[9],-97.730517,Location 228,https://www.atxstudiotour.com/location/location-228/
"1806 Belford Dr, Austin, TX 78757",13913,30.355086,[15],-97.7244196,Location 227,https://www.atxstudiotour.com/location/location-227/
"5600 Shoalwood Ave, Austin, TX 78756",13912,30.3317825,[15],-97.7432254,Location 226,https://www.atxstudiotour.com/location/location-226/
"2202 W 10th St, Austin, TX 78703",13911,30.2835147,[15],-97.7698311,Location 225,https://www.atxstudiotour.com/location/location-225/
"504 Brentwood St, Austin, TX 78752",13910,30.3319995,[9],-97.7180114,Location 224,https://www.atxstudiotour.com/location/location-224/
"904 West Ave, Unit 103, Austin, TX 78701",13909,30.273685,[9],-97.7497571,Location 223,https://www.atxstudiotour.com/location/location-223/
"6301 Treadwell Blvd, Austin, TX 78757",13908,30.342522,[15],-97.7484849,Location 222,https://www.atxstudiotour.com/location/location-222/
"4710 E 5th St, Austin, TX 78702",13907,30.2532275,[9],-97.7005505,Location 221,https://www.atxstudiotour.com/location/location-221/
"9409 Ashton Ridge, Austin, TX 78750",13906,30.4310225,[9],-97.8004907,Location 220,https://www.atxstudiotour.com/location/location-220/
"2010 E 2nd St, Austin, TX 78702",13905,30.2575845,[15],-97.7224634,Location 219,https://www.atxstudiotour.com/location/location-219/
"1231 Broadmoor Dr, Austin, TX 78723",13904,30.309559,[15],-97.7052746,Location 218,https://www.atxstudiotour.com/location/location-218/
"6903 Greycloud Dr, Austin, TX 78745",13903,30.1924275,[9],-97.7847159,Location 217,https://www.atxstudiotour.com/location/location-217/
"1516 S Lamar Blvd, Austin, TX 78703",13902,30.253159,[7],-97.7634745,Location 216,https://www.atxstudiotour.com/location/location-216/
"11304 Indianhead Dr, Austin, TX 78753",13901,30.379677,[15],-97.6807603,Location 215,https://www.atxstudiotour.com/location/location-215/
"908 Austin Highlands Blvd, Austin, TX 78745",13900,30.200956,[9],-97.7906695,Location 214,https://www.atxstudiotour.com/location/location-214/
"2014 Brentwood St, Austin, TX 78757",13899,30.3410835,[15],-97.7358963,Location 213,https://www.atxstudiotour.com/location/location-213/
"606 Franklin Blvd, Unit A, Austin, TX 78751",13898,30.3213105,[15],-97.7267081,Location 212,https://www.atxstudiotour.com/location/location-212/
"2419 Jarratt Ave, Austin, TX 78703",13897,30.292722,[15],-97.7572027,Location 211,https://www.atxstudiotour.com/location/location-211/
"5740 Burnet Rd, Austin, TX 78756",13896,30.3330414,[9],-97.7401736,Location 210,https://www.atxstudiotour.com/location/location-210/
"10611 Pinehurst Dr, Austin, TX 78747",13895,30.1417555,[15],-97.7897719,Location 209,https://www.atxstudiotour.com/location/location-209/
"2204 Palo Pinto Dr, Austin, TX 78723",13894,30.286474,[15],-97.7008677,Location 208,https://www.atxstudiotour.com/location/location-208/
"2109 E Cesar Chavez St, Austin, TX 78702",13893,30.255841,[16],-97.721664,Location 207,https://www.atxstudiotour.com/location/location-207/
"1805 Romeria Dr, Austin, TX 78757",13892,30.335156,[15],-97.7352096,Location 206,https://www.atxstudiotour.com/location/location-206/
"4002 Edgemont Dr, Austin, TX 78731",13891,30.3215325,[15],-97.7695275,Location 205,https://www.atxstudiotour.com/location/location-205/
,13890,,[9],,Location 204,https://www.atxstudiotour.com/location/location-204/
"1215 Green Forest Dr, Austin, TX 78745",13889,30.2190525,[15],-97.7833372,Location 203,https://www.atxstudiotour.com/location/location-203/
"1901 W William Cannon Dr, Ste 165A, Austin, TX 78745",13888,30.2024906,[6],-97.8044721,Location 202,https://www.atxstudiotour.com/location/location-202/
"10105 Willfield Dr, Austin, TX 78753",13887,30.3598345,[15],-97.6714072,Location 201,https://www.atxstudiotour.com/location/location-201/
"3401 Govalle Ave, Austin, TX 78702",13886,30.265101,[9],-97.7003285,Location 200,https://www.atxstudiotour.com/location/location-200/
"1910 Goodrich Ave, Austin, TX 78704",13885,30.2521245,[15],-97.7714248,Location 199,https://www.atxstudiotour.com/location/location-199/
"2032 S Lamar Blvd, Unit B, Austin, TX 78704",13884,30.249105,[9],-97.768796,Location 198,https://www.atxstudiotour.com/location/location-198/
"2943 Pannell St, Austin, TX 78722",13883,30.2841225,[15],-97.7057199,Location 197,https://www.atxstudiotour.com/location/location-197/
"2511 E 6th St, Unit A, Austin, TX 78702",13882,30.2584265,[9],-97.7138065,Location 196,https://www.atxstudiotour.com/location/location-196/
"6812 Pioneer Pl, Austin, TX 78757",13881,30.3493685,[15],-97.7464702,Location 195,https://www.atxstudiotour.com/location/location-195/
"2304 Trailside Dr, Unit A, Austin, TX 78704",13880,30.2596515,[15],-97.7746179,Location 194,https://www.atxstudiotour.com/location/location-194/
"1121 Tillery St, Austin, TX 78702",13879,30.2676085,[9],-97.7011449,Location 193,https://www.atxstudiotour.com/location/location-193/
"7739 Northcross Dr, Ste Q, Austin, TX 78757",13878,30.3561684,[8],-97.7361034,Location 192,https://www.atxstudiotour.com/location/location-192/
"2506 E 2nd St, Austin, TX 78702",13877,30.2552305,[15],-97.7156474,Location 191,https://www.atxstudiotour.com/location/location-191/
"7101 Old Bee Caves Rd, Austin, TX 78735",13876,30.2383251,[15],-97.8727932,Location 190,https://www.atxstudiotour.com/location/location-190/
"2256 Zach Scott St, Austin, TX 78723",13875,30.294454,[9],-97.701281,Location 189,https://www.atxstudiotour.com/location/location-189/
"1309 Palo Duro Rd, Unit 2, Austin, TX 78757",13874,30.3313145,[9],-97.7308114,Location 188,https://www.atxstudiotour.com/location/location-188/
"6401 Airport Blvd, Austin, TX 78752",13873,30.327269,[18],-97.714157,Location 187,https://www.atxstudiotour.com/location/location-187/
"5311 Avenue F, Bldg 2, Austin, TX 78751",13872,30.3183015,[9],-97.7205244,Location 186,https://www.atxstudiotour.com/location/location-186/
"1214 W 6th St, Ste 100, Austin, TX 78703",13871,30.2735402,[9],-97.758708,Location 185,https://www.atxstudiotour.com/location/location-185/
"906 Bodark Ln, Austin, TX 78745",13870,30.19536,[15],-97.794044,Location 184,https://www.atxstudiotour.com/location/location-184/
"1600 Virginia Ave, Unit A, Austin, TX 78704",13869,30.261492,[9],-97.7623935,Location 183,https://www.atxstudiotour.com/location/location-183/
"2808 Lafayette Ave, Austin, TX 78722",13868,30.285899,[15],-97.7211956,Location 182,https://www.atxstudiotour.com/location/location-182/
"401 Little Texas Ln, Apt 2237, Austin, TX 78745",13867,30.200678,[15],-97.7724825,Location 181,https://www.atxstudiotour.com/location/location-181/
,13866,,[15],,Location 180,https://www.atxstudiotour.com/location/location-180/
"400 W Alpine Rd, Unit A, Austin, TX 78704",13865,30.229725,[15],-97.764152,Location 179,https://www.atxstudiotour.com/location/location-179/
"704 Pressler St, Austin, TX 78703",13864,30.2756734,[15],-97.7593037,Location 178,https://www.atxstudiotour.com/location/location-178/
"1202 Lorrain St, Austin, TX 78703",13863,30.279196,[9],-97.7562375,Location 177,https://www.atxstudiotour.com/location/location-177/
"303 W 5th St, Unit 1600, Austin, TX 78701",13862,30.2676872,[15],-97.7457978,Location 176,https://www.atxstudiotour.com/location/location-176/
"1904 Pennsylvania Ave, Austin, TX 78702",13861,30.2720465,[9],-97.7189994,Location 175,https://www.atxstudiotour.com/location/location-175/
"3508 E Cesar Chavez St, Austin, TX 78702",13860,30.2523955,[18],-97.7047618,Location 174,https://www.atxstudiotour.com/location/location-174/
"1403 Garden St, Austin, TX 78702",13859,30.256383,[18],-97.731449,Location 173,https://www.atxstudiotour.com/location/location-173/
"2111 4 Oaks Ln, Garage Studio, Austin, TX 78704",13858,30.252068,[15],-97.7889099,Location 172,https://www.atxstudiotour.com/location/location-172/
"4204 Menchaca Rd, Austin, TX 78704",13857,30.23153,[6],-97.787775,Location 171,https://www.atxstudiotour.com/location/location-171/
"4101 Guadalupe St, Austin, TX 78751",13856,30.306419,[6],-97.73545,Location 170,https://www.atxstudiotour.com/location/location-170/
"5203 Brodie Ln, Austin, TX 78745",13855,30.2206283,[11],-97.8262379,Location 169,https://www.atxstudiotour.com/location/location-169/
"623 River Oaks Dr, Austin, TX 78748",13854,30.3854999,[9],-97.6693156,Location 168,https://www.atxstudiotour.com/location/location-168/
"1504 Ruth Ave, Unit 6, Austin, TX 78757",13853,30.339223,[15],-97.7294875,Location 167,https://www.atxstudiotour.com/location/location-167/
"2614 W 49th St, Austin, TX 78731",13852,30.322803,[15],-97.7474231,Location 166,https://www.atxstudiotour.com/location/location-166/
"4304 Bellvue Ave, Austin, TX 78756",13851,30.3124185,[9],-97.7412284,Location 165,https://www.atxstudiotour.com/location/location-165/
"5350 Burnet Rd, Unit 8, Austin, TX 78756",13850,30.3276272,[16],-97.740427,Location 164,https://www.atxstudiotour.com/location/location-164/
"1201 Southwood Rd, Austin, TX 78704",13849,30.2437845,[15],-97.7670335,Location 163,https://www.atxstudiotour.com/location/location-163/
"4103 E 12th St, Unit 1, Austin, TX 78721",13848,30.2783116,[15],-97.6892918,Location 162,https://www.atxstudiotour.com/location/location-162/
"1714 W Anderson Ln, Austin, TX 78757",13847,30.352972,[9],-97.723847,Location 161,https://www.atxstudiotour.com/location/location-161/
"1305 Piedmont Ave, Austin, TX 78757",13846,30.3423265,[9],-97.7240333,Location 160,https://www.atxstudiotour.com/location/location-160/
"8000 Elkhorn Mountain Dr, Austin, TX 78729",13845,,[9],,Location 159,https://www.atxstudiotour.com/location/location-159/
"1502 Palo Duro Rd, Austin, TX 78757",13844,30.332731,[9],-97.7328488,Location 158,https://www.atxstudiotour.com/location/location-158/
"2502A Wilson St, Austin, TX 78704",13843,30.2381631,[15],-97.7586104,Location 157,https://www.atxstudiotour.com/location/location-157/
"5206 Guadalupe St, Austin, TX 78751",13842,30.319191,[15],-97.7277845,Location 156,https://www.atxstudiotour.com/location/location-156/
"2822 Salado St, Austin, TX 78705",13841,30.295261,[15],-97.7452725,Location 155,https://www.atxstudiotour.com/location/location-155/
"1421 Berene Ave, Austin, TX 78721",13840,30.281592,[9],-97.6831016,Location 154,https://www.atxstudiotour.com/location/location-154/
"8714 Chisholm Ln, Austin, TX 78748",13839,30.1811915,[15],-97.8098966,Location 153,https://www.atxstudiotour.com/location/location-153/
"4001 Bradwood Rd, Austin, TX 78722",13838,30.2968935,[9],-97.7156969,Location 152,https://www.atxstudiotour.com/location/location-152/
"1811 JJ Seabrook Dr, Austin, TX 78721",13837,,[15],,Location 151,https://www.atxstudiotour.com/location/location-151/
"1611 E Cesar Chavez St, Austin, TX 78702",13836,30.25807,[4],-97.727719,Location 150,https://www.atxstudiotour.com/location/location-150/
"8304 Daleview Dr, Austin, TX 78757",13835,30.3676535,[9],-97.7361052,Location 149,https://www.atxstudiotour.com/location/location-149/
"1105 N Lamar Blvd, Ste 100, Austin, TX 78703",13834,30.276106,[4],-97.751155,Location 148,https://www.atxstudiotour.com/location/location-148/
"11402 Chapel Ln, Austin, TX 78748",13833,,[15],,Location 147,https://www.atxstudiotour.com/location/location-147/
"1104 E 8th St, Unit A, Austin, TX 78702",13832,30.266555,[15],-97.729474,Location 146,https://www.atxstudiotour.com/location/location-146/
"511 Rio Grande St, Unit 2, Austin, TX 78701",13831,30.2696234,[7],-97.7494019,Location 145,https://www.atxstudiotour.com/location/location-145/
"1501 Ruth Ave, Austin, TX 78757",13830,30.3387025,[9],-97.7293544,Location 144,https://www.atxstudiotour.com/location/location-144/
"1304 Briarcliff Blvd, Austin, TX 78723",13829,30.3173175,[15],-97.6993945,Location 143,https://www.atxstudiotour.com/location/location-143/
"10201 Aqua Azul Ct, Austin, TX 78733",13828,,[9],,Location 142,https://www.atxstudiotour.com/location/location-142/
"4709 Leslie Ave, Austin, TX 78721",13827,30.2816575,[15],-97.6834818,Location 141,https://www.atxstudiotour.com/location/location-141/
"3610 Mira Vista Dr, Austin, TX 78732",13826,,[7],,Location 140,https://www.atxstudiotour.com/location/location-140/
"3611 Bonnie Rd, Austin, TX 78703",13825,30.2958,[9],-97.781585,Location 139,https://www.atxstudiotour.com/location/location-139/
"3009 Chennault St, Austin, TX 78723",13824,30.2922386,[9],-97.6929843,Location 138,https://www.atxstudiotour.com/location/location-138/
"2600 Ellise Ave, Austin, TX 78757",13823,30.3478605,[9],-97.738937,Location 137,https://www.atxstudiotour.com/location/location-137/
"1004 W 31st St, Austin, TX 78705",13822,30.3005695,[9],-97.7465319,Location 136,https://www.atxstudiotour.com/location/location-136/
"6000 Gateshead Dr, Austin, TX 78745",13821,30.2172619,[12],-97.8062737,Location 135,https://www.atxstudiotour.com/location/location-135/
"2414 Havenside Dr, Austin, TX 78704",13820,30.243758,[15],-97.7689043,Location 134,https://www.atxstudiotour.com/location/location-134/
"2106 Willow St, Austin, TX 78702",13819,30.255276,[15],-97.7217759,Location 133,https://www.atxstudiotour.com/location/location-133/
"1600 S 1st St, Ste 150, Austin, TX 78704",13818,30.2490436,[4],-97.7557374,Location 132,https://www.atxstudiotour.com/location/location-132/
"2507 Givens Ave, Austin, TX 78722",13817,30.281391,[15],-97.71526,Location 131,https://www.atxstudiotour.com/location/location-131/
"11927 Meadowfire Dr, Austin, TX 78758",13816,30.3986155,[15],-97.696776,Location 130,https://www.atxstudiotour.com/location/location-130/
"501 Pedernales St, Ste A-5, Austin, TX 78702",13815,30.2582415,[13],-97.7141469,Location 129,https://www.atxstudiotour.com/location/location-129/
"2521 E St Elmo Rd, Austin, TX 78744",13814,30.2084066,[18],-97.7437784,Location 128,https://www.atxstudiotour.com/location/location-128/
"8502 Mauai Dr, Austin, TX 78749",13813,30.204822,[9],-97.850919,Location 127,https://www.atxstudiotour.com/location/location-127/
"4903 Lyons Rd, Unit 1, Austin, TX 78702",13812,30.258898,[15],-97.6960201,Location 126,https://www.atxstudiotour.com/location/location-126/
"2016 Rundell Pl, Austin, TX 78704",13811,30.25375,[15],-97.7744929,Location 125,https://www.atxstudiotour.com/location/location-125/
"4714 Nuckols Crossing Rd, Austin, TX 78744",13810,30.197646,[18],-97.7366748,Location 124,https://www.atxstudiotour.com/location/location-124/
"4012 Marathon Blvd, Austin, TX 78756",13809,30.309392,[18],-97.742263,Location 123,https://www.atxstudiotour.com/location/location-123/
"727 Airport Blvd, Austin, TX 78702",13808,30.2543111,[18],-97.6925421,Location 122,https://www.atxstudiotour.com/location/location-122/
"611 E 50th St, Austin, TX 78751",13807,30.3119605,[17],-97.7192319,Location 121,https://www.atxstudiotour.com/location/location-121/
"3100 E 4th St, Austin, TX 78702",13806,30.254618,[17],-97.708048,Location 120,https://www.atxstudiotour.com/location/location-120/
"3001 S Congress Ave, Fine Arts Center, Austin, TX 78704",13805,30.232551,[17],-97.7542933,Location 119,https://www.atxstudiotour.com/location/location-119/
"1902 E 12th St, Austin, TX 78702",13804,30.273888,[16],-97.7197657,Location 118,https://www.atxstudiotour.com/location/location-118/
"3706 Kerbey Ln, Austin, TX 78731",13803,30.3084916,[16],-97.7503325,Location 117,https://www.atxstudiotour.com/location/location-117/
"4930 S Congress Ave, Ste C-301, Austin, TX 78745",13802,30.212939,[16],-97.771002,Location 116,https://www.atxstudiotour.com/location/location-116/
"2139 W Anderson Ln, Austin, TX 78757",13801,30.353903,[16],-97.72934,Location 115,https://www.atxstudiotour.com/location/location-115/
"1141 Gunter St, Austin, TX 78721",13800,30.2708855,[15],-97.695848,Location 114,https://www.atxstudiotour.com/location/location-114/
"1304 Willow St, Austin, TX 78702, USA",13799,30.258833,[15],-97.731302,Location 113,https://www.atxstudiotour.com/location/location-113/
"1916 Bissel Ln, Austin, TX 78745",13798,30.204445,[15],-97.805983,Location 112,https://www.atxstudiotour.com/location/location-112/
"6800 Dubuque Ln, Austin, TX 78723",13797,30.3139075,[15],-97.6703298,Location 111,https://www.atxstudiotour.com/location/location-111/
"1012 W Johanna St, Austin, TX 78704",13796,30.2479725,[15],-97.7635002,Location 110,https://www.atxstudiotour.com/location/location-110/
"5509 Northdale Dr, Austin, TX 78723",13795,30.2885285,[15],-97.6695861,Location 109,https://www.atxstudiotour.com/location/location-109/
"1153 Eastfield Ave, Austin, TX 78721",13794,30.2768175,[15],-97.685367,Location 108,https://www.atxstudiotour.com/location/location-108/
"2200 S Pleasant Valley Rd, Austin, TX 78741",13793,30.2314055,[15],-97.7260331,Location 107,https://www.atxstudiotour.com/location/location-107/
"1912 Goodrich Ave, Austin, TX 78704",13792,30.2520175,[15],-97.7715147,Location 106,https://www.atxstudiotour.com/location/location-106/
"2008 Arthur Ln, Austin, TX 78704",13791,30.2534505,[15],-97.7791732,Location 105,https://www.atxstudiotour.com/location/location-105/
"1610 Haskell St, Unit B, Austin, TX 78702",13790,30.253957,[15],-97.729709,Location 104,https://www.atxstudiotour.com/location/location-104/
"2606 E 2nd St, Austin, TX 79761",13789,30.2548,[15],-97.714344,Location 103,https://www.atxstudiotour.com/location/location-103/
"1607 Sanchez St, Austin, TX 78702",13788,30.2795165,[15],-97.7062568,Location 102,https://www.atxstudiotour.com/location/location-102/
"7907 Havenwood Dr, Austin, TX 78759",13787,30.363907,[15],-97.7465144,Location 101,https://www.atxstudiotour.com/location/location-101/
"1009 Daniel Dr, Austin, TX 78704",13786,30.2591185,[15],-97.7559966,Location 100,https://www.atxstudiotour.com/location/location-100/
"920 Chote Ave, Austin, TX 78702",13785,30.260908,[15],-97.6964206,Location 99,https://www.atxstudiotour.com/location/location-99/
"1804 Mistywood Dr, Austin, TX 78746",13784,30.264507,[15],-97.8052294,Location 98,https://www.atxstudiotour.com/location/location-98/
"4519 Avenue H, Austin, TX 78751",13783,30.308335,[15],-97.7247037,Location 97,https://www.atxstudiotour.com/location/location-97/
"17002 Splendor Pass, Austin, TX 78738",13782,,[15],,Location 96,https://www.atxstudiotour.com/location/location-96/
"3405 E 4th St, Austin, TX 78702",13781,30.2534339,[15],-97.7051392,Location 95,https://www.atxstudiotour.com/location/location-95/
"1316 W 6th St, Austin, TX 78703, USA",13780,30.2744073,[10],-97.7597174,Location 94,https://www.atxstudiotour.com/location/location-94/
"2419 Forest Ave, Austin, TX 78704",13779,30.2393345,[9],-97.7569594,Location 93,https://www.atxstudiotour.com/location/location-93/
"2708 Del Curto Rd, Austin, TX 78704",13778,30.243019,[9],-97.7780186,Location 92,https://www.atxstudiotour.com/location/location-92/
"15409 Ranch Rd 620 N, Ste A, Austin, TX 75126",13777,30.4620911,[9],-97.816268,Location 91,https://www.atxstudiotour.com/location/location-91/
"1309 E 4th St, Austin, TX 78702",13776,30.261772,[9],-97.7297035,Location 90,https://www.atxstudiotour.com/location/location-90/
"1904 Poquito St, Austin, TX 78722",13775,30.280503,[9],-97.7205479,Location 89,https://www.atxstudiotour.com/location/location-89/
"438 Towne Park Trail, Austin, TX 78751",13774,30.301377,[9],-97.729041,Location 88,https://www.atxstudiotour.com/location/location-88/
"2808 Brinwood Ave, Austin, TX 78704",13773,30.2346375,[9],-97.7604455,Location 87,https://www.atxstudiotour.com/location/location-87/
"84 East Ave, Austin, TX 78701",13772,30.2572743,[9],-97.738336,Location 86,https://www.atxstudiotour.com/location/location-86/
"5205 Woodview Ave, Austin, TX 78756",13771,30.3266615,[9],-97.7437706,Location 85,https://www.atxstudiotour.com/location/location-85/
"6008 Cary Dr, Austin, TX 78757",13770,30.338604,[9],-97.7464383,Location 84,https://www.atxstudiotour.com/location/location-84/
"43 Pillow Rd, Austin, TX 78745",13769,,[9],,Location 83,https://www.atxstudiotour.com/location/location-83/
"1001 Eason St, Austin, TX 78703, USA",13768,30.278723,[9],-97.75916,Location 82,https://www.atxstudiotour.com/location/location-82/
"777 Shady Ln, Unit 7, Austin, TX 78702",13767,30.255416,[9],-97.6955349,Location 81,https://www.atxstudiotour.com/location/location-81/
"3010 E 2nd St, Austin, TX 79403",13766,30.253016,[9],-97.709416,Location 80,https://www.atxstudiotour.com/location/location-80/
"2311 Ridgeview St, Austin, TX 78704",13765,,[9],,Location 79,https://www.atxstudiotour.com/location/location-79/
"610 Springdale Rd, Austin, TX 78702",13764,30.255577,[9],-97.702254,Location 78,https://www.atxstudiotour.com/location/location-78/
"1311 E Cesar Chavez St, Austin, TX 78702",13763,30.259156,[8],-97.730793,Location 77,https://www.atxstudiotour.com/location/location-77/
"8637 Mountain Crest, Austin, TX 78735",13762,30.254843,[8],-97.891854,Location 76,https://www.atxstudiotour.com/location/location-76/
"1202 W 6th St, Austin, TX 78703",13761,30.2731155,[8],-97.7573168,Location 75,https://www.atxstudiotour.com/location/location-75/
"703 W 10th St, Austin, TX 77541",13760,29.6273119,[8],-96.0534301,Location 74,https://www.atxstudiotour.com/location/location-74/
"2403 E 16th St, Austin, TX 78702",13759,30.2772557,[8],-97.7151459,Location 73,https://www.atxstudiotour.com/location/location-73/
"6101 Highland Campus Dr, Bldg 2000, Austin, TX 78752",13758,30.325885,[8],-97.713444,Location 72,https://www.atxstudiotour.com/location/location-72/
"5809 Burnet Rd, Austin, TX 78756",13757,30.333789,[8],-97.739622,Location 71,https://www.atxstudiotour.com/location/location-71/
"1717 E Cesar Chavez St, Austin, TX 78702",13756,30.257388,[8],-97.725707,Location 70,https://www.atxstudiotour.com/location/location-70/
"705 Wallingford Bend Dr, Austin, TX 78752",13755,,[8],,Location 69,https://www.atxstudiotour.com/location/location-69/
"4700 Grover Ave, Austin, TX 78756",13754,30.3175921,[8],-97.7383993,Location 68,https://www.atxstudiotour.com/location/location-68/
"2235 E 6th St, Ste 102, Austin, TX 78702",13753,30.2595951,[8],-97.7175011,Location 67,https://www.atxstudiotour.com/location/location-67/
"916 Springdale Rd, Austin, TX 78702",13752,30.2607977,[18],-97.698512,Location 66,https://www.atxstudiotour.com/location/location-66/
"916 Springdale Rd, Austin, TX 78702",13751,30.2607977,[18],-97.698512,Location 65,https://www.atxstudiotour.com/location/location-65/
"916 Springdale Rd, Austin, TX 78702",13750,30.2607977,[9],-97.698512,Location 64,https://www.atxstudiotour.com/location/location-64/
"916 Springdale Rd, Austin, TX 78702",13749,30.2607977,[8],-97.698512,Location 63,https://www.atxstudiotour.com/location/location-63/
"916 Springdale Rd, Austin, TX 78702",13748,30.2607977,[18],-97.698512,Location 62,https://www.atxstudiotour.com/location/location-62/
"916 Springdale Rd, Bldg 1, Ste 217, Austin, TX 78702",13747,30.2607977,[18],-97.698512,Location 61,https://www.atxstudiotour.com/location/location-61/
"916 Springdale Rd, Bldg 3, Ste 102, Austin, TX 78702",13746,30.2607977,[18],-97.698512,Location 60,https://www.atxstudiotour.com/location/location-60/
"916 Springdale Rd, Bldg 4, Ste 101, Austin, TX 78702",13745,30.2607977,[11],-97.698512,Location 59,https://www.atxstudiotour.com/location/location-59/
"916 Springdale Rd, Bldg 1, Ste 201, Austin, TX 78702",13744,30.2607977,[9],-97.698512,Location 58,https://www.atxstudiotour.com/location/location-58/
"916 Springdale Rd, Bldg 3, Ste 103, Austin, TX 78702",13743,30.2607977,[8],-97.698512,Location 57,https://www.atxstudiotour.com/location/location-57/
"916 Springdale Rd, Bldg 2, Ste 107, Austin, TX 78702",13742,30.2607977,[8],-97.698512,Location 56,https://www.atxstudiotour.com/location/location-56/
"916 Springdale Rd, Bldg 2, Ste 102, Austin, TX 78702",13741,30.2607977,[8],-97.698512,Location 55,https://www.atxstudiotour.com/location/location-55/
"3625 Menchaca Rd, Ste 101, Austin, TX 78704",13740,30.2372015,[8],-97.783139,Location 54,https://www.atxstudiotour.com/location/location-54/
"3701 Drossett Dr, Ste 190, Austin, TX 78744",13739,30.211373,[8],-97.730039,Location 53,https://www.atxstudiotour.com/location/location-53/
"1110 Barton Springs Rd, Austin, TX 78704",13738,30.2609935,[8],-97.7561768,Location 52,https://www.atxstudiotour.com/location/location-52/
"5305 Bolm Rd, Bay 9, Austin, TX 78721",13737,30.258306,[8],-97.691436,Location 51,https://www.atxstudiotour.com/location/location-51/
"5419 Glissman Rd, Austin, TX 78702",13736,30.254908,[8],-97.692579,Location 50,https://www.atxstudiotour.com/location/location-50/
"3411 E 5th St, Austin, TX 78702",13735,30.2541575,[8],-97.7047214,Location 49,https://www.atxstudiotour.com/location/location-49/
"5305 Bolm Rd, Austin, TX 78721",13734,30.258306,[18],-97.691436,Location 48,https://www.atxstudiotour.com/location/location-48/
"5305 Bolm Rd, Bay 9, Austin, TX 78721",13733,30.258306,[8],-97.691436,Location 47,https://www.atxstudiotour.com/location/location-47/
"3415 E 5th St, Austin, TX 78702",13732,30.254033,[8],-97.7045081,Location 46,https://www.atxstudiotour.com/location/location-46/
"2801 I-35, Austin, TX 78741, USA",13731,30.2376267,[18],-97.7389898,Location 45,https://www.atxstudiotour.com/location/location-45/
"2801 S I-35 Frontage Rd, Austin, TX 78741, USA",13730,,[8],,Location 44,https://www.atxstudiotour.com/location/location-44/
"8303 Pommel Dr, Austin, TX 78759",13729,30.421643,[8],-97.7855126,Location 43,https://www.atxstudiotour.com/location/location-43/
"2324 E Cesar Chavez St, Austin, TX 78702",13728,30.2551436,[8],-97.7183365,Location 42,https://www.atxstudiotour.com/location/location-42/
"2415B E 5th St, Austin, TX 78702",13727,30.2587531,[7],-97.7174443,Location 41,https://www.atxstudiotour.com/location/location-41/
"11055 N I-35, Austin, TX 78753",13726,30.3872827,[7],-97.6730951,Location 40,https://www.atxstudiotour.com/location/location-40/
"3409 E 5th St, Austin, TX 78702",13725,30.2541885,[7],-97.7048689,Location 39,https://www.atxstudiotour.com/location/location-39/
"625 Industrial Blvd, Austin, TX 78745",13724,30.216558,[7],-97.758563,Location 38,https://www.atxstudiotour.com/location/location-38/
"4824 E Cesar Chavez St, Austin, TX 78702",13723,30.252007,[7],-97.7015211,Location 37,https://www.atxstudiotour.com/location/location-37/
"5801 Westminster Dr, Austin, TX 78723",13722,30.3122115,[7],-97.6904767,Location 36,https://www.atxstudiotour.com/location/location-36/
"7107 E Riverside Dr, Austin, TX 78741",13721,30.2218087,[7],-97.695956,Location 35,https://www.atxstudiotour.com/location/location-35/
"1209 E Cesar Chavez St, Austin, TX 78702",13720,30.259243,[7],-97.731937,Location 34,https://www.atxstudiotour.com/location/location-34/
"900 Springdale Rd, Austin, TX 78702",13719,30.261684,[7],-97.698156,Location 33,https://www.atxstudiotour.com/location/location-33/
"10300 Springdale Rd, Austin, TX 78754",13718,30.3457579,[6],-97.6504102,Location 32,https://www.atxstudiotour.com/location/location-32/
"700 E 6th St, Austin, TX 78701",13717,30.266288,[6],-97.735856,Location 31,https://www.atxstudiotour.com/location/location-31/
"3701 Guadalupe St, Ste 106, Austin, TX 78705",13716,30.3020896,[6],-97.7381311,Location 30,https://www.atxstudiotour.com/location/location-30/
"2400 E Cesar Chavez St, Ste 300, Austin, TX 78702",13715,30.2546237,[6],-97.716869,Location 29,https://www.atxstudiotour.com/location/location-29/
"3600 Lyons Rd, Austin, TX 78702",13714,30.2614666,[5],-97.6994336,Location 28,https://www.atxstudiotour.com/location/location-28/
"1605 E 38th 1/2 St, Austin, TX 78722",13713,,[5],,Location 27,https://www.atxstudiotour.com/location/location-27/
"1603 E 38th 1/2 St, Austin, TX 78722",13712,,[5],,Location 26,https://www.atxstudiotour.com/location/location-26/
"5210 Avenue F, Austin, TX 78751",13711,30.3168742,[5],-97.7218518,Location 25,https://www.atxstudiotour.com/location/location-25/
"729 Airport Blvd, Austin, TX 78702",13710,30.2543459,[4],-97.6925476,Location 24,https://www.atxstudiotour.com/location/location-24/
"1200 W Slaughter Ln, Austin, TX 78748",13709,30.174276,[4],-97.8129996,Location 23,https://www.atxstudiotour.com/location/location-23/
"2309 Thornton Rd, Austin, TX 78704, USA",13708,30.24476,[18],-97.7712858,Location 22,https://www.atxstudiotour.com/location/location-22/
"2311 Thornton Rd, Austin, TX 78704, USA",13707,30.244473,[18],-97.771407,Location 21,https://www.atxstudiotour.com/location/location-21/
"2311 Thornton Rd Unit E, Austin, TX 78704, USA",13706,,[9],,Location 20,https://www.atxstudiotour.com/location/location-20/
"2311 Thornton Rd, Unit J + K, Austin, TX 78704, USA",13705,,[8],,Location 19,https://www.atxstudiotour.com/location/location-19/
"2311 Thornton Rd, Unit A, Austin, TX 78704",13704,30.244473,[4],-97.771407,Location 18,https://www.atxstudiotour.com/location/location-18/
"1312 E Cesar Chavez St, Austin, TX 78702",13703,30.2594595,[9],-97.7306345,Location 17,https://www.atxstudiotour.com/location/location-17/
"1312 E Cesar Chavez St, Ste B, Austin, TX 78702",13702,30.2594595,[4],-97.7306345,Location 16,https://www.atxstudiotour.com/location/location-16/
"1023 Springdale Rd, Austin, TX 78721",13701,30.2673527,[4],-97.6931123,Location 15,https://www.atxstudiotour.com/location/location-15/
"1023 Springdale Rd, Bldg 6D, Austin, TX 78721",13700,30.2673527,[16],-97.6931123,Location 14,https://www.atxstudiotour.com/location/location-14/
"1023 Springdale Rd, Bldg 3, Austin, TX 78721",13699,30.2673527,[8],-97.6931123,Location 13,https://www.atxstudiotour.com/location/location-13/
"1023 Springdale Rd, Bldg 5, Austin, TX 78721",13698,30.2673527,[4],-97.6931123,Location 12,https://www.atxstudiotour.com/location/location-12/
"1211 E 11th St, Ste 200, Austin, TX 78702",13697,30.2679876,[4],-97.7266205,Location 11,https://www.atxstudiotour.com/location/location-11/
"979 Springdale Rd, Ste 117, Austin, TX 78702",13696,30.2625839,[16],-97.6960711,Location 10,https://www.atxstudiotour.com/location/location-10/
"979 Springdale Rd, Ste 99, Austin, TX 78702",13695,30.2625839,[8],-97.6960711,Location 9,https://www.atxstudiotour.com/location/location-9/
"979 Springdale Rd, Ste 98, Austin, TX 78702",13694,30.2625839,[4],-97.6960711,Location 8,https://www.atxstudiotour.com/location/location-8/
"4512 S Pleasant Valley Rd, Austin, TX 78744",13693,30.2033325,[4],-97.7423244,Location 7,https://www.atxstudiotour.com/location/location-7/
"710 W Cesar Chavez St, Austin, TX 78701",13692,30.2660164,[3],-97.7517064,Location 6,https://www.atxstudiotour.com/location/location-6/
,13691,,[3],,Location 5,https://www.atxstudiotour.com/location/location-5/
"5833 Westminster Dr, Austin, TX 78723",13690,30.311664,[3],-97.6902159,Location 4,https://www.atxstudiotour.com/location/location-4/
"4721 Loyola Ln, Austin, TX 78723",13689,30.3086615,[3],-97.6665108,Location 3,https://www.atxstudiotour.com/location/location-3/
"2505 Steck Ave, Austin, TX 78757",13688,30.3621573,[3],-97.7305039,Location 2,https://www.atxstudiotour.com/location/location-2/
"912 E 11th St, Austin, TX 78702",13687,30.269966,[3],-97.730876,Location 1,https://www.atxstudiotour.com/location/location-1/
